cod,fer
ATG,0.01722614118070672
ACA,0.01272524918574772
ACC,0.010319317828442365
ACG,0.006587669192621811
ACT,0.013690895104666197
ATA,0.029304898607178515
ATC,0.020180363017397993
ATT,0.03826576539714234
AAC,0.014803842943419696
AAT,0.03832304947707819
AAA,0.02836380300823254
AAG,0.01754529534034927
AGC,0.008608978870357943
AGT,0.012848000785610238
CAA,0.021015073896463118
CAG,0.008437126630550419
GTA,0.01328172310512447
GTC,0.007692433591384475
GTG,0.006260331592988428
GTT,0.015540352542594804
CCA,0.013658161344702859
CCC,0.007152326551989394
CCG,0.006432183832795954
CCT,0.011743236386847575
CAC,0.007029574952126876
CAT,0.016571465981439958
AGA,0.01826543805954271
AGG,0.010286584068479026
CGA,0.009967429908836478
CGC,0.004329039755151476
CGG,0.00586752647342837
CGT,0.006604036072603479
CTA,0.01628504558176075
CTC,0.010540270708194896
CTG,0.008813564870128807
CTT,0.02042586621712303
GCA,0.00822435719078872
GCC,0.005875709913419205
GCG,0.00370709831584805
GCT,0.008739913910211297
GAC,0.007831552071228662
GAT,0.019574788458076236
GAA,0.02519681173177957
GAG,0.00948460694937724
GGA,0.014321019983960457
GGC,0.005302869114060787
GGG,0.006399450072832616
GGT,0.009771027349056449
TCA,0.018257254619551876
TCC,0.01563855382248482
TCG,0.0101147318286715
TCT,0.021211476456243147
TTC,0.027488174929213245
TTT,0.03093340316535459
TTA,0.025131344211852893
TTG,0.021604281575803203
TAC,0.013846380464492054
TAT,0.030409663005941178
TGC,0.00824072407077039
TGT,0.013306273425096974
TGA,0.0188791960588553
TGG,0.013232622465179462
TAA,0.024460302132604462
TAG,0.015196648062979753
